,aggR,pval,name
0,24.0,3.1565365375230614e-67,Beta-2-Microglobulin (B2M) (ug/mL)
1,45.0,2.3408278146569314e-55,Cystatin-C (ng/ml)
2,121.0,1.648131346644238e-50,T-Cell-Specific Protein RANTES (RANTES) (ng/mL)
3,25.0,3.2761311670522806e-44,Brain-Derived Neurotrophic Factor (BDNF) (ng/mL)
4,113.0,7.443146219763102e-44,Platelet-Derived Growth Factor BB (PDGF- (pg/ml)
5,62.0,4.311953334560296e-41,Growth-Regulated alpha protein (GRO-alph (pg/mL)
6,34.0,2.173516901045566e-40,CD40 Ligand (CD40-L) (ng/mL)
7,46.0,1.4783031346736267e-39,Epidermal Growth Factor (EGF) (pg/mL)
8,60.0,1.953403318929145e-39,Follicle-Stimulating Hormone (FSH) (mIU/mL)
9,132.0,2.060392874692367e-39,Trefoil Factor 3 (TFF3) (ug/ml)
10,135.0,9.602284207844848e-39,Tissue Inhibitor of Metalloproteinases 1 (ng/mL)
11,48.0,3.2564897240662327e-38,Epithelial-Derived Neutrophil-Activating (ng/mL)
12,4.0,1.2993299933127196e-37,Alpha-1-Microglobulin (A1Micro) (ug/ml)
13,84.0,4.511068393457627e-35,Luteinizing Hormone  (LH) (mIU/mL)
14,173.0,5.64402241236423e-35,Kynurenine
15,22.0,4.903009765491155e-32,Apolipoprotein H (Apo H) (ug/mL)
16,146.0,7.169444600881918e-32,Vascular Endothelial Growth Factor (VEGF (pg/mL)
17,106.0,1.083645977699466e-29,Neutrophil Gelatinase-Associated Lipocal (ng/ml)
18,131.0,1.5191750358666836e-29,Testosterone- Total (ng/ml)
19,109.0,5.203696029968146e-29,Plasminogen Activator Inhibitor 1 (PAI-1 (ng/mL)
20,136.0,1.0200325576090555e-28,Thrombomodulin (TM) (ng/ml)
21,134.0,7.501785231115838e-27,Thrombospondin-1 (ng/mL)
22,162.0,1.8773947215870863e-24,Isoleucine
23,43.0,1.3700858117871394e-23,C-peptide (ng/ml)
24,148.0,1.659128918342074e-23,Vitamin K-Dependent Protein S (VKDPS) (ug/ml)
25,105.0,2.92581355402816e-23,Myoglobin (ng/mL)
26,67.0,7.367716055892044e-23,Hepatocyte Growth Factor (HGF) (ng/mL)
27,124.0,1.327365434796744e-22,Stem Cell Factor (SCF) (pg/mL)
28,139.0,1.9368935912259008e-22,Tumor Necrosis Factor Receptor-Like 2 (T (ng/mL)
29,18.0,2.619314854492071e-21,Apolipoprotein C-I (Apo C-I) (ng/ml)
30,150.0,5.0158941696904195e-21,HCAMPLAS
31,123.0,8.883607961783168e-21,Serum Amyloid P-Component (SAP) (ug/mL)
32,172.0,1.0040288302477611e-20,Valine
33,33.0,4.9519643056867136e-20,CD 40 antigen (CD40) (ng/mL)
34,127.0,5.071554013855145e-20,Superoxide Dismutase 1- Soluble (SOD-1) (ng/mL)
35,52.0,1.4754648348314252e-19,Fatty Acid-Binding Protein- heart  (FABP (ng/mL)
36,145.0,3.621371663044108e-19,Vascular Cell Adhesion Molecule-1 (VCAM- (ng/mL)
37,92.0,1.5254269698975864e-18,Macrophage Migration Inhibitory Factor ( (ng/mL)
38,39.0,3.913388022530149e-18,Clusterin (CLU) (ug/ml)
39,142.0,1.1406328710589503e-17,Serotransferrin (Transferrin) (mg/dl)
40,14.0,1.3581625152256756e-17,Apolipoprotein A-I (Apo A-I) (mg/mL)
41,9.0,1.3937872580237405e-17,Adiponectin (ug/mL)
42,93.0,1.8171745362116163e-17,Monokine Induced by Gamma Interferon (MI (pg/ml)
43,118.0,1.5380288080631182e-16,Proinsulin- Total (pM)
44,28.0,1.7662975529852098e-16,Brain Natriuretic Peptide  (BNP) (pg/ml)
45,117.0,1.9383088938909813e-16,Proinsulin- Intact (pM)
46,30.0,2.7096054828258485e-16,Complement C3 (C3) (mg/mL)
47,76.0,5.230250301198987e-16,Interleukin-18 (IL-18) (pg/mL)
48,56.0,7.485958955136892e-16,Fetuin-A (ug/ml)
49,122.0,1.063952909275716e-15,Resistin (ng/ml)
50,108.0,1.6483786068327259e-15,Osteopontin (ng/ml)
51,90.0,4.611130060719895e-14,Macrophage Colony-Stimulating Factor 1 ( (ng/mL)
52,65.0,4.89598614767044e-14,Heparin-Binding EGF-Like Growth Factor ( (pg/mL)
53,133.0,1.3010710931319365e-13,Tamm-Horsfall Urinary Glycoprotein (THP) (ug/ml)
54,72.0,1.9259504039275758e-13,Insulin-like Growth Factor-Binding Prote (ng/mL)
55,152.0,2.659323697758828e-13,AB42
56,158.0,3.828328682565481e-13,Citrulline
57,111.0,4.1281041875471305e-13,Pregnancy-Associated Plasma Protein A (P (mIU/mL)
58,110.0,8.806186536542577e-13,Prostatic Acid Phosphatase (PAP) (ng/mL)
59,140.0,9.979931583804993e-13,Thrombopoietin (ng/mL)
60,79.0,1.0871257569071845e-12,Interleukin-8 (IL-8) (pg/mL)
61,164.0,1.1066015828151457e-12,Methionine
62,112.0,1.2177016019495826e-12,Pulmonary and Activation-Regulated Chemo (ng/mL)
63,151.0,1.6404389028531467e-12,AB40
64,80.0,1.8474178101167494e-12,Insulin (uIU/mL)
65,167.0,2.0437929394755725e-12,Proline
66,126.0,2.5896362620128905e-12,Sex Hormone-Binding Globulin (SHBG) (nmol/L)
67,54.0,2.981124305270825e-12,FASLG Receptor (FAS) (ng/mL)
68,171.0,3.0877365633287723e-12,Tyrosine
69,89.0,3.532864824040586e-12,Monocyte Chemotactic Protein 4 (MCP-4) (pg/ml)
70,163.0,3.8181557573011754e-12,Lysine
71,128.0,6.1430167226768995e-12,Sortilin (ng/mL)
72,147.0,8.369149420800281e-12,Vitronectin (ug/ml)
73,103.0,1.1497885260050323e-11,Myeloid Progenitor Inhibitory Factor 1 ( (ng/mL)
74,98.0,1.9615004580049694e-11,Matrix Metalloproteinase-10 (MMP-10) (ng/ml)
75,17.0,2.437463456707468e-11,Apolipoprotein B (Apo B) (ug/ml)
76,144.0,2.5895059645817854e-11,Transthyretin (TTR) (mg/dl)
77,165.0,2.6779438644665507e-11,Ornithine
78,129.0,3.6774040443489246e-11,Thyroxine-Binding Globulin (TBG) (ug/mL)
79,19.0,4.5785293641670996e-11,Apolipoprotein C-III (Apo C-III) (ug/mL)
80,26.0,9.590354153368997e-11,B Lymphocyte Chemoattractant (BLC) (pg/ml)
81,166.0,1.63765425073689e-10,Phenylalanine
82,75.0,2.0414114915857046e-10,Interleukin-16 (IL-16) (pg/mL)
83,12.0,2.3943424477974523e-10,Angiopoietin-2 (ANG-2) (ng/mL)
84,37.0,6.079876940822772e-10,Chromogranin-A (CgA) (ng/mL)
85,170.0,7.572791409713528e-10,Tryptophan
86,41.0,8.254774109679118e-10,Complement Factor H (ug/ml)
87,168.0,1.0046559967555456e-09,Serine
88,35.0,1.1422651651937732e-09,CD5 (CD5L) (ng/ml)
89,20.0,1.171592330213043e-09,Apolipoprotein D (Apo D) (ug/ml)
90,50.0,1.3361201585627425e-09,Eotaxin-3 (pg/mL)
91,160.0,1.875097746025294e-09,Glutamic Acid
92,58.0,2.3683498503467987e-09,Fibrinogen (mg/mL)
93,161.0,3.2373628758478628e-09,Glycine
94,141.0,3.802906444474331e-09,TNF-Related Apoptosis-Inducing Ligand Re (ng/mL)
95,21.0,4.036714209285138e-09,Apolipoprotein E (Apo E) (ug/ml)
96,153.0,7.41114585573112e-09,PLASMA_NFL
97,81.0,7.781486859349425e-09,Interferon gamma Induced Protein 10 (IP- (pg/ml)
98,154.0,1.1462720878658944e-08,Alanine
99,119.0,1.3758675952398302e-08,Peptide YY (PYY) (pg/mL)
100,104.0,1.648350071039761e-08,Myeloperoxidase (MPO) (ng/mL)
101,87.0,2.5646703310021906e-08,Monocyte Chemotactic Protein 2 (MCP-2) (pg/ml)
102,159.0,1.2848928537213623e-07,Glutamine
103,130.0,3.2406612827953723e-07,Thymus-Expressed Chemokine (TECK) (ng/mL)
104,23.0,6.335686379311105e-07,AXL Receptor Tyrosine Kinase (AXL) (ng/mL)
105,32.0,1.0107439657046908e-06,Calcitonin (pg/mL)
106,169.0,1.0483416204062876e-06,Threonine
107,94.0,1.2022092396166451e-06,Macrophage Inflammatory Protein-1 alpha (pg/mL)
108,69.0,1.3602839903757947e-06,Intercellular Adhesion Molecule 1 (ICAM- (ng/mL)
109,156.0,1.9092999585304295e-06,Asparagine
110,83.0,1.923718244048232e-06,Leptin (ng/mL)
111,51.0,2.0899549243940993e-06,E-Selectin (ng/mL)
112,3.0,2.1278809591337114e-06,BMI
113,138.0,2.2899713844099716e-06,Tumor Necrosis Factor alpha (TNF-alpha) (pg/mL)
114,100.0,2.5589624875857563e-06,Matrix Metalloproteinase-7 (MMP-7) (ng/ml)
115,44.0,2.8905799686397776e-06,C-Reactive Protein (CRP) (ug/mL)
116,6.0,3.4938822062706145e-06,Alpha-1-Antichymotrypsin (AACT) (ug/ml)
117,102.0,4.041343699187894e-06,Matrix Metalloproteinase-9- total (MMP-9 (ng/ml)
118,47.0,4.919105338733813e-06,Epidermal Growth Factor Receptor (EGFR) (ng/mL)
119,5.0,5.854619810383344e-06,Alpha-2-Macroglobulin (A2Macro) (mg/mL)
120,11.0,6.7441500986577895e-06,Agouti-Related Protein (AGRP) (pg/mL)
121,7.0,7.497403602698389e-06,Alpha-1-Antitrypsin (AAT) (mg/mL)
122,63.0,9.387164411124084e-06,Glutathione S-Transferase alpha (GST-alp (ng/ml)
123,66.0,1.3340229957559956e-05,Chemokine CC-4 (HCC-4) (ng/mL)
124,95.0,2.4787977778649065e-05,Macrophage Inflammatory Protein-1 beta ( (pg/mL)
125,157.0,2.8138122751205184e-05,Aspartic Acid
126,15.0,2.9160891468883527e-05,Apolipoprotein A-II (Apo A-II) (ng/ml)
127,13.0,3.7633044494110447e-05,Angiotensinogen (ng/mL)
128,38.0,5.3177179905586606e-05,Creatine Kinase-MB (CK-MB) (ng/mL)
129,77.0,5.838439893423248e-05,Interleukin-3 (IL-3) (ng/mL)
130,68.0,6.17090615373768e-05,T Lymphocyte-Secreted Protein I-309 (I-3 (pg/mL)
131,61.0,7.622038056088787e-05,Growth Hormone (GH) (ng/mL)
132,97.0,7.645039551388525e-05,Matrix Metalloproteinase-1 (MMP-1) (ng/ml)
133,71.0,0.0001668229616246777,Immunoglobulin E (IgE) (ng/mL)
134,88.0,0.0003062229959183334,Monocyte Chemotactic Protein 3 (MCP-3) (pg/mL)
135,59.0,0.0003421091593087811,Ferritin (FRTN) (ng/mL)
136,31.0,0.00041683399411129635,Cancer Antigen 19-9 (CA-19-9) (U/mL)
137,137.0,0.0005154376641089581,Tenascin-C (TN-C) (ng/mL)
138,64.0,0.0009011506175698174,Haptoglobin (mg/mL)
139,155.0,0.0012409948746905,Arginine
140,101.0,0.0016513448362697907,Matrix Metalloproteinase-9 (MMP-9) (ng/mL)
141,174.0,0.0017124629752329735,Sarcosine
142,120.0,0.0018871386488334807,Receptor for advanced glycosylation end (ng/mL)
143,57.0,0.0020451008996814836,Fibroblast Growth Factor 4 (FGF-4) (pg/mL)
144,10.0,0.002261553210125843,Alpha-Fetoprotein (AFP) (ng/mL)
145,175.0,0.0029787011888536925,trans isomer of 4-hydroxyproline 
146,49.0,0.0034490961604769672,Eotaxin-1 (pg/mL)
147,149.0,0.0041012053568790004,von Willebrand Factor (vWF) (ug/mL)
148,42.0,0.004135743058468957,Cortisol (Cortisol) (ng/ml)
149,115.0,0.004392098354941044,Pancreatic Polypeptide (PPP) (pg/ml)
150,96.0,0.006354307850902826,Macrophage Inflammatory Protein-3 alpha (pg/ml)
151,85.0,0.006844568715138633,Apolipoprotein(a) (Lp(a)) (ug/mL)
152,82.0,0.0082633454728473,Kidney Injury Molecule-1  (KIM-1) (ng/ml)
153,2.0,0.010074553881320534,VSBPDIA
154,40.0,0.030345127557252164,Ciliary Neurotrophic Factor (CNTF) (pg/mL)
155,74.0,0.03725935652818776,Interleukin-13 (IL-13) (pg/mL)
156,29.0,0.043537987638609076,Betacellulin (BTC) (pg/mL)
157,116.0,0.06209198747884617,Prolactin (PRL) (ng/ml)
158,73.0,0.09791291192857356,Immunoglobulin M (IGM) (mg/mL)
159,114.0,0.1369436778247789,Placenta Growth Factor (PLGF) (pg/ml)
160,107.0,0.13964639260515965,Neuronal Cell Adhesion Molecule (Nr-CAM) (ng/mL)
161,53.0,0.14733570292036627,Factor VII (ng/mL)
162,86.0,0.25974636262466094,Monocyte Chemotactic Protein 1 (MCP-1) (pg/mL)
163,16.0,0.27165021977932363,Apolipoprotein A-IV (Apo A-IV) (ug/ml)
164,125.0,0.28559392568944614,Serum Glutamic Oxaloacetic Transaminase (ug/mL)
165,91.0,0.2878735748765172,Macrophage-Derived Chemokine (MDC) (pg/mL)
166,70.0,0.2961942311134543,Immunoglobulin A (IgA) (mg/mL)
167,99.0,0.44052920821859426,Matrix Metalloproteinase-2 (MMP-2) (ng/mL)
168,78.0,0.934842053891238,Interleukin-6 receptor (IL-6r) (ng/mL)
169,8.0,0.9807203020017669,Angiotensin-Converting Enzyme (ACE) (ng/ml)
170,36.0,0.9825243862413926,Carcinoembryonic Antigen (CEA) (ng/mL)
171,1.0,0.9924099472307724,VSBPSYS
174,143.0,1.0,Thyroid-Stimulating Hormone  (TSH) (uIU/mL)
172,27.0,1.0,Bone Morphogenetic Protein 6 (BMP-6) (ng/mL)
173,55.0,1.0,Fas Ligand (FasL) (pg/mL)
